"Program","Year","Period","Week Ending","Geo Level","State","State ANSI","Ag District","Ag District Code","County","County ANSI","Zip Code","Region","watershed_code","Watershed","Commodity","Data Item","Domain","Domain Category","Value","CV (%)"
"CENSUS","2017","END OF DEC","","COUNTY","ARIZONA","04","NORTHERN","10","APACHE","001","","","00000000","","CATTLE","CATTLE, INCL CALVES - INVENTORY","TOTAL","NOT SPECIFIED","38,995","6.6"
"CENSUS","2017","END OF DEC","","COUNTY","ARIZONA","04","NORTHERN","10","COCONINO","005","","","00000000","","CATTLE","CATTLE, INCL CALVES - INVENTORY","TOTAL","NOT SPECIFIED","47,193","6.6"
"CENSUS","2017","END OF DEC","","COUNTY","ARIZONA","04","NORTHERN","10","GILA","007","","","00000000","","CATTLE","CATTLE, INCL CALVES - INVENTORY","TOTAL","NOT SPECIFIED","15,114","6.6"
"CENSUS","2017","END OF DEC","","COUNTY","ARIZONA","04","NORTHERN","10","MOHAVE","015","","","00000000","","CATTLE","CATTLE, INCL CALVES - INVENTORY","TOTAL","NOT SPECIFIED","21,650","6.6"
"CENSUS","2017","END OF DEC","","COUNTY","ARIZONA","04","NORTHERN","10","NAVAJO","017","","","00000000","","CATTLE","CATTLE, INCL CALVES - INVENTORY","TOTAL","NOT SPECIFIED","29,746","6.6"
"CENSUS","2017","END OF DEC","","COUNTY","ARIZONA","04","NORTHERN","10","YAVAPAI","025","","","00000000","","CATTLE","CATTLE, INCL CALVES - INVENTORY","TOTAL","NOT SPECIFIED","48,005","6.6"
"CENSUS","2017","END OF DEC","","COUNTY","ARIZONA","04","SOUTHERN","80","COCHISE","003","","","00000000","","CATTLE","CATTLE, INCL CALVES - INVENTORY","TOTAL","NOT SPECIFIED","129,042","6.6"
"CENSUS","2017","END OF DEC","","COUNTY","ARIZONA","04","SOUTHERN","80","GRAHAM","009","","","00000000","","CATTLE","CATTLE, INCL CALVES - INVENTORY","TOTAL","NOT SPECIFIED","13,759","6.6"
"CENSUS","2017","END OF DEC","","COUNTY","ARIZONA","04","SOUTHERN","80","GREENLEE","011","","","00000000","","CATTLE","CATTLE, INCL CALVES - INVENTORY","TOTAL","NOT SPECIFIED","9,495","6.6"
"CENSUS","2017","END OF DEC","","COUNTY","ARIZONA","04","SOUTHERN","80","LAPAZ","012","","","00000000","","CATTLE","CATTLE, INCL CALVES - INVENTORY","TOTAL","NOT SPECIFIED"," (D)","(D)"
"CENSUS","2017","END OF DEC","","COUNTY","ARIZONA","04","SOUTHERN","80","MARICOPA","013","","","00000000","","CATTLE","CATTLE, INCL CALVES - INVENTORY","TOTAL","NOT SPECIFIED","210,980","6.6"
"CENSUS","2017","END OF DEC","","COUNTY","ARIZONA","04","SOUTHERN","80","PIMA","019","","","00000000","","CATTLE","CATTLE, INCL CALVES - INVENTORY","TOTAL","NOT SPECIFIED","16,745","6.6"
"CENSUS","2017","END OF DEC","","COUNTY","ARIZONA","04","SOUTHERN","80","PINAL","021","","","00000000","","CATTLE","CATTLE, INCL CALVES - INVENTORY","TOTAL","NOT SPECIFIED","294,237","6.6"
"CENSUS","2017","END OF DEC","","COUNTY","ARIZONA","04","SOUTHERN","80","SANTA CRUZ","023","","","00000000","","CATTLE","CATTLE, INCL CALVES - INVENTORY","TOTAL","NOT SPECIFIED","16,475","6.6"
"CENSUS","2017","END OF DEC","","COUNTY","ARIZONA","04","SOUTHERN","80","YUMA","027","","","00000000","","CATTLE","CATTLE, INCL CALVES - INVENTORY","TOTAL","NOT SPECIFIED"," (D)","(D)"
"CENSUS","2017","END OF DEC","","COUNTY","COLORADO","08","EAST CENTRAL","60","ADAMS","001","","","00000000","","CATTLE","CATTLE, INCL CALVES - INVENTORY","TOTAL","NOT SPECIFIED","14,986","7.2"
"CENSUS","2017","END OF DEC","","COUNTY","COLORADO","08","EAST CENTRAL","60","ARAPAHOE","005","","","00000000","","CATTLE","CATTLE, INCL CALVES - INVENTORY","TOTAL","NOT SPECIFIED","8,343","7.2"
"CENSUS","2017","END OF DEC","","COUNTY","COLORADO","08","EAST CENTRAL","60","CHEYENNE","017","","","00000000","","CATTLE","CATTLE, INCL CALVES - INVENTORY","TOTAL","NOT SPECIFIED","34,782","7.2"
"CENSUS","2017","END OF DEC","","COUNTY","COLORADO","08","EAST CENTRAL","60","DENVER","031","","","00000000","","CATTLE","CATTLE, INCL CALVES - INVENTORY","TOTAL","NOT SPECIFIED"," (D)","(D)"
"CENSUS","2017","END OF DEC","","COUNTY","COLORADO","08","EAST CENTRAL","60","DOUGLAS","035","","","00000000","","CATTLE","CATTLE, INCL CALVES - INVENTORY","TOTAL","NOT SPECIFIED","8,005","7.2"
"CENSUS","2017","END OF DEC","","COUNTY","COLORADO","08","EAST CENTRAL","60","EL PASO","041","","","00000000","","CATTLE","CATTLE, INCL CALVES - INVENTORY","TOTAL","NOT SPECIFIED","28,082","7.2"
"CENSUS","2017","END OF DEC","","COUNTY","COLORADO","08","EAST CENTRAL","60","ELBERT","039","","","00000000","","CATTLE","CATTLE, INCL CALVES - INVENTORY","TOTAL","NOT SPECIFIED","40,779","7.2"
"CENSUS","2017","END OF DEC","","COUNTY","COLORADO","08","EAST CENTRAL","60","KIOWA","061","","","00000000","","CATTLE","CATTLE, INCL CALVES - INVENTORY","TOTAL","NOT SPECIFIED","17,980","7.2"
"CENSUS","2017","END OF DEC","","COUNTY","COLORADO","08","EAST CENTRAL","60","KIT CARSON","063","","","00000000","","CATTLE","CATTLE, INCL CALVES - INVENTORY","TOTAL","NOT SPECIFIED","173,384","7.2"
"CENSUS","2017","END OF DEC","","COUNTY","COLORADO","08","EAST CENTRAL","60","LINCOLN","073","","","00000000","","CATTLE","CATTLE, INCL CALVES - INVENTORY","TOTAL","NOT SPECIFIED","42,545","7.2"
"CENSUS","2017","END OF DEC","","COUNTY","COLORADO","08","EAST CENTRAL","60","PHILLIPS","095","","","00000000","","CATTLE","CATTLE, INCL CALVES - INVENTORY","TOTAL","NOT SPECIFIED","27,298","7.2"
"CENSUS","2017","END OF DEC","","COUNTY","COLORADO","08","EAST CENTRAL","60","WASHINGTON","121","","","00000000","","CATTLE","CATTLE, INCL CALVES - INVENTORY","TOTAL","NOT SPECIFIED","73,532","7.2"
"CENSUS","2017","END OF DEC","","COUNTY","COLORADO","08","EAST CENTRAL","60","YUMA","125","","","00000000","","CATTLE","CATTLE, INCL CALVES - INVENTORY","TOTAL","NOT SPECIFIED","265,393","7.2"
"CENSUS","2017","END OF DEC","","COUNTY","COLORADO","08","NORTHEAST","20","BOULDER","013","","","00000000","","CATTLE","CATTLE, INCL CALVES - INVENTORY","TOTAL","NOT SPECIFIED","5,986","7.2"
"CENSUS","2017","END OF DEC","","COUNTY","COLORADO","08","NORTHEAST","20","BROOMFIELD","014","","","00000000","","CATTLE","CATTLE, INCL CALVES - INVENTORY","TOTAL","NOT SPECIFIED","268","7.2"
"CENSUS","2017","END OF DEC","","COUNTY","COLORADO","08","NORTHEAST","20","JEFFERSON","059","","","00000000","","CATTLE","CATTLE, INCL CALVES - INVENTORY","TOTAL","NOT SPECIFIED","2,049","7.2"
"CENSUS","2017","END OF DEC","","COUNTY","COLORADO","08","NORTHEAST","20","LARIMER","069","","","00000000","","CATTLE","CATTLE, INCL CALVES - INVENTORY","TOTAL","NOT SPECIFIED","57,507","7.2"
"CENSUS","2017","END OF DEC","","COUNTY","COLORADO","08","NORTHEAST","20","LOGAN","075","","","00000000","","CATTLE","CATTLE, INCL CALVES - INVENTORY","TOTAL","NOT SPECIFIED","225,744","7.2"
"CENSUS","2017","END OF DEC","","COUNTY","COLORADO","08","NORTHEAST","20","MORGAN","087","","","00000000","","CATTLE","CATTLE, INCL CALVES - INVENTORY","TOTAL","NOT SPECIFIED","223,038","7.2"
"CENSUS","2017","END OF DEC","","COUNTY","COLORADO","08","NORTHEAST","20","SEDGWICK","115","","","00000000","","CATTLE","CATTLE, INCL CALVES - INVENTORY","TOTAL","NOT SPECIFIED","16,849","7.2"
"CENSUS","2017","END OF DEC","","COUNTY","COLORADO","08","NORTHEAST","20","WELD","123","","","00000000","","CATTLE","CATTLE, INCL CALVES - INVENTORY","TOTAL","NOT SPECIFIED","582,267","7.2"
"CENSUS","2017","END OF DEC","","COUNTY","COLORADO","08","NORTHWEST AND MOUNTAIN","10","CHAFFEE","015","","","00000000","","CATTLE","CATTLE, INCL CALVES - INVENTORY","TOTAL","NOT SPECIFIED","7,352","7.2"
"CENSUS","2017","END OF DEC","","COUNTY","COLORADO","08","NORTHWEST AND MOUNTAIN","10","CLEAR CREEK","019","","","00000000","","CATTLE","CATTLE, INCL CALVES - INVENTORY","TOTAL","NOT SPECIFIED","100","7.2"
"CENSUS","2017","END OF DEC","","COUNTY","COLORADO","08","NORTHWEST AND MOUNTAIN","10","EAGLE","037","","","00000000","","CATTLE","CATTLE, INCL CALVES - INVENTORY","TOTAL","NOT SPECIFIED","9,513","7.2"
"CENSUS","2017","END OF DEC","","COUNTY","COLORADO","08","NORTHWEST AND MOUNTAIN","10","GILPIN","047","","","00000000","","CATTLE","CATTLE, INCL CALVES - INVENTORY","TOTAL","NOT SPECIFIED"," (D)","(D)"
"CENSUS","2017","END OF DEC","","COUNTY","COLORADO","08","NORTHWEST AND MOUNTAIN","10","GRAND","049","","","00000000","","CATTLE","CATTLE, INCL CALVES - INVENTORY","TOTAL","NOT SPECIFIED","17,031","7.2"
"CENSUS","2017","END OF DEC","","COUNTY","COLORADO","08","NORTHWEST AND MOUNTAIN","10","GUNNISON","051","","","00000000","","CATTLE","CATTLE, INCL CALVES - INVENTORY","TOTAL","NOT SPECIFIED","23,819","7.2"
"CENSUS","2017","END OF DEC","","COUNTY","COLORADO","08","NORTHWEST AND MOUNTAIN","10","JACKSON","057","","","00000000","","CATTLE","CATTLE, INCL CALVES - INVENTORY","TOTAL","NOT SPECIFIED","22,758","7.2"
"CENSUS","2017","END OF DEC","","COUNTY","COLORADO","08","NORTHWEST AND MOUNTAIN","10","LAKE","065","","","00000000","","CATTLE","CATTLE, INCL CALVES - INVENTORY","TOTAL","NOT SPECIFIED","326","7.2"
"CENSUS","2017","END OF DEC","","COUNTY","COLORADO","08","NORTHWEST AND MOUNTAIN","10","MOFFAT","081","","","00000000","","CATTLE","CATTLE, INCL CALVES - INVENTORY","TOTAL","NOT SPECIFIED","34,663","7.2"
"CENSUS","2017","END OF DEC","","COUNTY","COLORADO","08","NORTHWEST AND MOUNTAIN","10","PARK","093","","","00000000","","CATTLE","CATTLE, INCL CALVES - INVENTORY","TOTAL","NOT SPECIFIED","7,574","7.2"
"CENSUS","2017","END OF DEC","","COUNTY","COLORADO","08","NORTHWEST AND MOUNTAIN","10","PITKIN","097","","","00000000","","CATTLE","CATTLE, INCL CALVES - INVENTORY","TOTAL","NOT SPECIFIED","2,535","7.2"
"CENSUS","2017","END OF DEC","","COUNTY","COLORADO","08","NORTHWEST AND MOUNTAIN","10","RIO BLANCO","103","","","00000000","","CATTLE","CATTLE, INCL CALVES - INVENTORY","TOTAL","NOT SPECIFIED","25,253","7.2"
"CENSUS","2017","END OF DEC","","COUNTY","COLORADO","08","NORTHWEST AND MOUNTAIN","10","ROUTT","107","","","00000000","","CATTLE","CATTLE, INCL CALVES - INVENTORY","TOTAL","NOT SPECIFIED","24,882","7.2"
"CENSUS","2017","END OF DEC","","COUNTY","COLORADO","08","NORTHWEST AND MOUNTAIN","10","SUMMIT","117","","","00000000","","CATTLE","CATTLE, INCL CALVES - INVENTORY","TOTAL","NOT SPECIFIED","1,399","7.2"
"CENSUS","2017","END OF DEC","","COUNTY","COLORADO","08","NORTHWEST AND MOUNTAIN","10","TELLER","119","","","00000000","","CATTLE","CATTLE, INCL CALVES - INVENTORY","TOTAL","NOT SPECIFIED","2,425","7.2"
"CENSUS","2017","END OF DEC","","COUNTY","COLORADO","08","SAN LUIS VALLEY","80","ALAMOSA","003","","","00000000","","CATTLE","CATTLE, INCL CALVES - INVENTORY","TOTAL","NOT SPECIFIED","11,898","7.2"
"CENSUS","2017","END OF DEC","","COUNTY","COLORADO","08","SAN LUIS VALLEY","80","CONEJOS","021","","","00000000","","CATTLE","CATTLE, INCL CALVES - INVENTORY","TOTAL","NOT SPECIFIED","35,855","7.2"
"CENSUS","2017","END OF DEC","","COUNTY","COLORADO","08","SAN LUIS VALLEY","80","COSTILLA","023","","","00000000","","CATTLE","CATTLE, INCL CALVES - INVENTORY","TOTAL","NOT SPECIFIED","6,297","7.2"
"CENSUS","2017","END OF DEC","","COUNTY","COLORADO","08","SAN LUIS VALLEY","80","MINERAL","079","","","00000000","","CATTLE","CATTLE, INCL CALVES - INVENTORY","TOTAL","NOT SPECIFIED","105","7.2"
"CENSUS","2017","END OF DEC","","COUNTY","COLORADO","08","SAN LUIS VALLEY","80","RIO GRANDE","105","","","00000000","","CATTLE","CATTLE, INCL CALVES - INVENTORY","TOTAL","NOT SPECIFIED","10,598","7.2"
"CENSUS","2017","END OF DEC","","COUNTY","COLORADO","08","SAN LUIS VALLEY","80","SAGUACHE","109","","","00000000","","CATTLE","CATTLE, INCL CALVES - INVENTORY","TOTAL","NOT SPECIFIED","21,264","7.2"
"CENSUS","2017","END OF DEC","","COUNTY","COLORADO","08","SOUTHEAST","90","BACA","009","","","00000000","","CATTLE","CATTLE, INCL CALVES - INVENTORY","TOTAL","NOT SPECIFIED","55,493","7.2"
"CENSUS","2017","END OF DEC","","COUNTY","COLORADO","08","SOUTHEAST","90","BENT","011","","","00000000","","CATTLE","CATTLE, INCL CALVES - INVENTORY","TOTAL","NOT SPECIFIED","27,518","7.2"
"CENSUS","2017","END OF DEC","","COUNTY","COLORADO","08","SOUTHEAST","90","CROWLEY","025","","","00000000","","CATTLE","CATTLE, INCL CALVES - INVENTORY","TOTAL","NOT SPECIFIED","72,158","7.2"
"CENSUS","2017","END OF DEC","","COUNTY","COLORADO","08","SOUTHEAST","90","CUSTER","027","","","00000000","","CATTLE","CATTLE, INCL CALVES - INVENTORY","TOTAL","NOT SPECIFIED","8,387","7.2"
"CENSUS","2017","END OF DEC","","COUNTY","COLORADO","08","SOUTHEAST","90","FREMONT","043","","","00000000","","CATTLE","CATTLE, INCL CALVES - INVENTORY","TOTAL","NOT SPECIFIED","15,249","7.2"
"CENSUS","2017","END OF DEC","","COUNTY","COLORADO","08","SOUTHEAST","90","HUERFANO","055","","","00000000","","CATTLE","CATTLE, INCL CALVES - INVENTORY","TOTAL","NOT SPECIFIED","17,144","7.2"
"CENSUS","2017","END OF DEC","","COUNTY","COLORADO","08","SOUTHEAST","90","LAS ANIMAS","071","","","00000000","","CATTLE","CATTLE, INCL CALVES - INVENTORY","TOTAL","NOT SPECIFIED","41,650","7.2"
"CENSUS","2017","END OF DEC","","COUNTY","COLORADO","08","SOUTHEAST","90","OTERO","089","","","00000000","","CATTLE","CATTLE, INCL CALVES - INVENTORY","TOTAL","NOT SPECIFIED","75,253","7.2"
"CENSUS","2017","END OF DEC","","COUNTY","COLORADO","08","SOUTHEAST","90","PROWERS","099","","","00000000","","CATTLE","CATTLE, INCL CALVES - INVENTORY","TOTAL","NOT SPECIFIED","96,398","7.2"
"CENSUS","2017","END OF DEC","","COUNTY","COLORADO","08","SOUTHEAST","90","PUEBLO","101","","","00000000","","CATTLE","CATTLE, INCL CALVES - INVENTORY","TOTAL","NOT SPECIFIED","37,418","7.2"
"CENSUS","2017","END OF DEC","","COUNTY","COLORADO","08","SOUTHWEST","70","ARCHULETA","007","","","00000000","","CATTLE","CATTLE, INCL CALVES - INVENTORY","TOTAL","NOT SPECIFIED","8,487","7.2"
"CENSUS","2017","END OF DEC","","COUNTY","COLORADO","08","SOUTHWEST","70","DELTA","029","","","00000000","","CATTLE","CATTLE, INCL CALVES - INVENTORY","TOTAL","NOT SPECIFIED","40,550","7.2"
"CENSUS","2017","END OF DEC","","COUNTY","COLORADO","08","SOUTHWEST","70","DOLORES","033","","","00000000","","CATTLE","CATTLE, INCL CALVES - INVENTORY","TOTAL","NOT SPECIFIED","5,052","7.2"
"CENSUS","2017","END OF DEC","","COUNTY","COLORADO","08","SOUTHWEST","70","GARFIELD","045","","","00000000","","CATTLE","CATTLE, INCL CALVES - INVENTORY","TOTAL","NOT SPECIFIED","34,267","7.2"
"CENSUS","2017","END OF DEC","","COUNTY","COLORADO","08","SOUTHWEST","70","HINSDALE","053","","","00000000","","CATTLE","CATTLE, INCL CALVES - INVENTORY","TOTAL","NOT SPECIFIED","587","7.2"
"CENSUS","2017","END OF DEC","","COUNTY","COLORADO","08","SOUTHWEST","70","LA PLATA","067","","","00000000","","CATTLE","CATTLE, INCL CALVES - INVENTORY","TOTAL","NOT SPECIFIED","21,301","7.2"
"CENSUS","2017","END OF DEC","","COUNTY","COLORADO","08","SOUTHWEST","70","MESA","077","","","00000000","","CATTLE","CATTLE, INCL CALVES - INVENTORY","TOTAL","NOT SPECIFIED","46,952","7.2"
"CENSUS","2017","END OF DEC","","COUNTY","COLORADO","08","SOUTHWEST","70","MONTEZUMA","083","","","00000000","","CATTLE","CATTLE, INCL CALVES - INVENTORY","TOTAL","NOT SPECIFIED","26,889","7.2"
"CENSUS","2017","END OF DEC","","COUNTY","COLORADO","08","SOUTHWEST","70","MONTROSE","085","","","00000000","","CATTLE","CATTLE, INCL CALVES - INVENTORY","TOTAL","NOT SPECIFIED","53,051","7.2"
"CENSUS","2017","END OF DEC","","COUNTY","COLORADO","08","SOUTHWEST","70","OURAY","091","","","00000000","","CATTLE","CATTLE, INCL CALVES - INVENTORY","TOTAL","NOT SPECIFIED","4,395","7.2"
"CENSUS","2017","END OF DEC","","COUNTY","COLORADO","08","SOUTHWEST","70","SAN MIGUEL","113","","","00000000","","CATTLE","CATTLE, INCL CALVES - INVENTORY","TOTAL","NOT SPECIFIED","9,583","7.2"
"CENSUS","2017","END OF DEC","","COUNTY","IDAHO","16","EAST","90","BANNOCK","005","","","00000000","","CATTLE","CATTLE, INCL CALVES - INVENTORY","TOTAL","NOT SPECIFIED","20,981","6.6"
"CENSUS","2017","END OF DEC","","COUNTY","IDAHO","16","EAST","90","BEAR LAKE","007","","","00000000","","CATTLE","CATTLE, INCL CALVES - INVENTORY","TOTAL","NOT SPECIFIED","28,175","6.6"
"CENSUS","2017","END OF DEC","","COUNTY","IDAHO","16","EAST","90","BINGHAM","011","","","00000000","","CATTLE","CATTLE, INCL CALVES - INVENTORY","TOTAL","NOT SPECIFIED","97,759","6.6"
"CENSUS","2017","END OF DEC","","COUNTY","IDAHO","16","EAST","90","BONNEVILLE","019","","","00000000","","CATTLE","CATTLE, INCL CALVES - INVENTORY","TOTAL","NOT SPECIFIED","58,072","6.6"
"CENSUS","2017","END OF DEC","","COUNTY","IDAHO","16","EAST","90","BUTTE","023","","","00000000","","CATTLE","CATTLE, INCL CALVES - INVENTORY","TOTAL","NOT SPECIFIED","9,138","6.6"
"CENSUS","2017","END OF DEC","","COUNTY","IDAHO","16","EAST","90","CARIBOU","029","","","00000000","","CATTLE","CATTLE, INCL CALVES - INVENTORY","TOTAL","NOT SPECIFIED","25,146","6.6"
"CENSUS","2017","END OF DEC","","COUNTY","IDAHO","16","EAST","90","CLARK","033","","","00000000","","CATTLE","CATTLE, INCL CALVES - INVENTORY","TOTAL","NOT SPECIFIED","8,134","6.6"
"CENSUS","2017","END OF DEC","","COUNTY","IDAHO","16","EAST","90","CUSTER","037","","","00000000","","CATTLE","CATTLE, INCL CALVES - INVENTORY","TOTAL","NOT SPECIFIED","31,167","6.6"
"CENSUS","2017","END OF DEC","","COUNTY","IDAHO","16","EAST","90","FRANKLIN","041","","","00000000","","CATTLE","CATTLE, INCL CALVES - INVENTORY","TOTAL","NOT SPECIFIED","33,532","6.6"
"CENSUS","2017","END OF DEC","","COUNTY","IDAHO","16","EAST","90","FREMONT","043","","","00000000","","CATTLE","CATTLE, INCL CALVES - INVENTORY","TOTAL","NOT SPECIFIED","13,879","6.6"
"CENSUS","2017","END OF DEC","","COUNTY","IDAHO","16","EAST","90","JEFFERSON","051","","","00000000","","CATTLE","CATTLE, INCL CALVES - INVENTORY","TOTAL","NOT SPECIFIED","84,789","6.6"
"CENSUS","2017","END OF DEC","","COUNTY","IDAHO","16","EAST","90","LEMHI","059","","","00000000","","CATTLE","CATTLE, INCL CALVES - INVENTORY","TOTAL","NOT SPECIFIED","34,968","6.6"
"CENSUS","2017","END OF DEC","","COUNTY","IDAHO","16","EAST","90","MADISON","065","","","00000000","","CATTLE","CATTLE, INCL CALVES - INVENTORY","TOTAL","NOT SPECIFIED","13,738","6.6"
"CENSUS","2017","END OF DEC","","COUNTY","IDAHO","16","EAST","90","ONEIDA","071","","","00000000","","CATTLE","CATTLE, INCL CALVES - INVENTORY","TOTAL","NOT SPECIFIED","23,388","6.6"
"CENSUS","2017","END OF DEC","","COUNTY","IDAHO","16","EAST","90","POWER","077","","","00000000","","CATTLE","CATTLE, INCL CALVES - INVENTORY","TOTAL","NOT SPECIFIED","27,520","6.6"
"CENSUS","2017","END OF DEC","","COUNTY","IDAHO","16","EAST","90","TETON","081","","","00000000","","CATTLE","CATTLE, INCL CALVES - INVENTORY","TOTAL","NOT SPECIFIED","6,842","6.6"
"CENSUS","2017","END OF DEC","","COUNTY","IDAHO","16","NORTH","10","BENEWAH","009","","","00000000","","CATTLE","CATTLE, INCL CALVES - INVENTORY","TOTAL","NOT SPECIFIED","973","6.6"
"CENSUS","2017","END OF DEC","","COUNTY","IDAHO","16","NORTH","10","BONNER","017","","","00000000","","CATTLE","CATTLE, INCL CALVES - INVENTORY","TOTAL","NOT SPECIFIED","4,100","6.6"
"CENSUS","2017","END OF DEC","","COUNTY","IDAHO","16","NORTH","10","BOUNDARY","021","","","00000000","","CATTLE","CATTLE, INCL CALVES - INVENTORY","TOTAL","NOT SPECIFIED","4,914","6.6"
"CENSUS","2017","END OF DEC","","COUNTY","IDAHO","16","NORTH","10","CLEARWATER","035","","","00000000","","CATTLE","CATTLE, INCL CALVES - INVENTORY","TOTAL","NOT SPECIFIED","2,911","6.6"
"CENSUS","2017","END OF DEC","","COUNTY","IDAHO","16","NORTH","10","IDAHO","049","","","00000000","","CATTLE","CATTLE, INCL CALVES - INVENTORY","TOTAL","NOT SPECIFIED","26,185","6.6"
"CENSUS","2017","END OF DEC","","COUNTY","IDAHO","16","NORTH","10","KOOTENAI","055","","","00000000","","CATTLE","CATTLE, INCL CALVES - INVENTORY","TOTAL","NOT SPECIFIED","5,561","6.6"
"CENSUS","2017","END OF DEC","","COUNTY","IDAHO","16","NORTH","10","LATAH","057","","","00000000","","CATTLE","CATTLE, INCL CALVES - INVENTORY","TOTAL","NOT SPECIFIED","5,530","6.6"
"CENSUS","2017","END OF DEC","","COUNTY","IDAHO","16","NORTH","10","LEWIS","061","","","00000000","","CATTLE","CATTLE, INCL CALVES - INVENTORY","TOTAL","NOT SPECIFIED","4,641","6.6"
"CENSUS","2017","END OF DEC","","COUNTY","IDAHO","16","NORTH","10","NEZ PERCE","069","","","00000000","","CATTLE","CATTLE, INCL CALVES - INVENTORY","TOTAL","NOT SPECIFIED","13,007","6.6"
"CENSUS","2017","END OF DEC","","COUNTY","IDAHO","16","NORTH","10","SHOSHONE","079","","","00000000","","CATTLE","CATTLE, INCL CALVES - INVENTORY","TOTAL","NOT SPECIFIED","260","6.6"
"CENSUS","2017","END OF DEC","","COUNTY","IDAHO","16","SOUTH CENTRAL","80","BLAINE","013","","","00000000","","CATTLE","CATTLE, INCL CALVES - INVENTORY","TOTAL","NOT SPECIFIED","9,641","6.6"
"CENSUS","2017","END OF DEC","","COUNTY","IDAHO","16","SOUTH CENTRAL","80","CAMAS","025","","","00000000","","CATTLE","CATTLE, INCL CALVES - INVENTORY","TOTAL","NOT SPECIFIED","5,813","6.6"
"CENSUS","2017","END OF DEC","","COUNTY","IDAHO","16","SOUTH CENTRAL","80","CASSIA","031","","","00000000","","CATTLE","CATTLE, INCL CALVES - INVENTORY","TOTAL","NOT SPECIFIED","283,514","6.6"
"CENSUS","2017","END OF DEC","","COUNTY","IDAHO","16","SOUTH CENTRAL","80","GOODING","047","","","00000000","","CATTLE","CATTLE, INCL CALVES - INVENTORY","TOTAL","NOT SPECIFIED","318,333","6.6"
"CENSUS","2017","END OF DEC","","COUNTY","IDAHO","16","SOUTH CENTRAL","80","JEROME","053","","","00000000","","CATTLE","CATTLE, INCL CALVES - INVENTORY","TOTAL","NOT SPECIFIED","260,419","6.6"
"CENSUS","2017","END OF DEC","","COUNTY","IDAHO","16","SOUTH CENTRAL","80","LINCOLN","063","","","00000000","","CATTLE","CATTLE, INCL CALVES - INVENTORY","TOTAL","NOT SPECIFIED","76,481","6.6"
"CENSUS","2017","END OF DEC","","COUNTY","IDAHO","16","SOUTH CENTRAL","80","MINIDOKA","067","","","00000000","","CATTLE","CATTLE, INCL CALVES - INVENTORY","TOTAL","NOT SPECIFIED","42,141","6.6"
"CENSUS","2017","END OF DEC","","COUNTY","IDAHO","16","SOUTH CENTRAL","80","TWIN FALLS","083","","","00000000","","CATTLE","CATTLE, INCL CALVES - INVENTORY","TOTAL","NOT SPECIFIED","199,003","6.6"
"CENSUS","2017","END OF DEC","","COUNTY","IDAHO","16","SOUTHWEST","70","ADA","001","","","00000000","","CATTLE","CATTLE, INCL CALVES - INVENTORY","TOTAL","NOT SPECIFIED","52,082","6.6"
"CENSUS","2017","END OF DEC","","COUNTY","IDAHO","16","SOUTHWEST","70","ADAMS","003","","","00000000","","CATTLE","CATTLE, INCL CALVES - INVENTORY","TOTAL","NOT SPECIFIED","16,516","6.6"
"CENSUS","2017","END OF DEC","","COUNTY","IDAHO","16","SOUTHWEST","70","BOISE","015","","","00000000","","CATTLE","CATTLE, INCL CALVES - INVENTORY","TOTAL","NOT SPECIFIED","2,415","6.6"
"CENSUS","2017","END OF DEC","","COUNTY","IDAHO","16","SOUTHWEST","70","CANYON","027","","","00000000","","CATTLE","CATTLE, INCL CALVES - INVENTORY","TOTAL","NOT SPECIFIED","137,348","6.6"
"CENSUS","2017","END OF DEC","","COUNTY","IDAHO","16","SOUTHWEST","70","ELMORE","039","","","00000000","","CATTLE","CATTLE, INCL CALVES - INVENTORY","TOTAL","NOT SPECIFIED","169,986","6.6"
"CENSUS","2017","END OF DEC","","COUNTY","IDAHO","16","SOUTHWEST","70","GEM","045","","","00000000","","CATTLE","CATTLE, INCL CALVES - INVENTORY","TOTAL","NOT SPECIFIED","23,111","6.6"
"CENSUS","2017","END OF DEC","","COUNTY","IDAHO","16","SOUTHWEST","70","OWYHEE","073","","","00000000","","CATTLE","CATTLE, INCL CALVES - INVENTORY","TOTAL","NOT SPECIFIED","157,193","6.6"
"CENSUS","2017","END OF DEC","","COUNTY","IDAHO","16","SOUTHWEST","70","PAYETTE","075","","","00000000","","CATTLE","CATTLE, INCL CALVES - INVENTORY","TOTAL","NOT SPECIFIED","57,364","6.6"
"CENSUS","2017","END OF DEC","","COUNTY","IDAHO","16","SOUTHWEST","70","VALLEY","085","","","00000000","","CATTLE","CATTLE, INCL CALVES - INVENTORY","TOTAL","NOT SPECIFIED","7,162","6.6"
"CENSUS","2017","END OF DEC","","COUNTY","IDAHO","16","SOUTHWEST","70","WASHINGTON","087","","","00000000","","CATTLE","CATTLE, INCL CALVES - INVENTORY","TOTAL","NOT SPECIFIED","31,305","6.6"
"CENSUS","2017","END OF DEC","","COUNTY","MONTANA","30","CENTRAL","50","BROADWATER","007","","","00000000","","CATTLE","CATTLE, INCL CALVES - INVENTORY","TOTAL","NOT SPECIFIED","23,154","19.0"
"CENSUS","2017","END OF DEC","","COUNTY","MONTANA","30","CENTRAL","50","CASCADE","013","","","00000000","","CATTLE","CATTLE, INCL CALVES - INVENTORY","TOTAL","NOT SPECIFIED","64,816","19.0"
"CENSUS","2017","END OF DEC","","COUNTY","MONTANA","30","CENTRAL","50","FERGUS","027","","","00000000","","CATTLE","CATTLE, INCL CALVES - INVENTORY","TOTAL","NOT SPECIFIED","119,336","19.0"
"CENSUS","2017","END OF DEC","","COUNTY","MONTANA","30","CENTRAL","50","GOLDEN VALLEY","037","","","00000000","","CATTLE","CATTLE, INCL CALVES - INVENTORY","TOTAL","NOT SPECIFIED","16,484","19.0"
"CENSUS","2017","END OF DEC","","COUNTY","MONTANA","30","CENTRAL","50","JUDITH BASIN","045","","","00000000","","CATTLE","CATTLE, INCL CALVES - INVENTORY","TOTAL","NOT SPECIFIED","72,091","19.0"
"CENSUS","2017","END OF DEC","","COUNTY","MONTANA","30","CENTRAL","50","LEWIS AND CLARK","049","","","00000000","","CATTLE","CATTLE, INCL CALVES - INVENTORY","TOTAL","NOT SPECIFIED","40,202","19.0"
"CENSUS","2017","END OF DEC","","COUNTY","MONTANA","30","CENTRAL","50","MEAGHER","059","","","00000000","","CATTLE","CATTLE, INCL CALVES - INVENTORY","TOTAL","NOT SPECIFIED","50,989","19.0"
"CENSUS","2017","END OF DEC","","COUNTY","MONTANA","30","CENTRAL","50","MUSSELSHELL","065","","","00000000","","CATTLE","CATTLE, INCL CALVES - INVENTORY","TOTAL","NOT SPECIFIED","38,861","19.0"
"CENSUS","2017","END OF DEC","","COUNTY","MONTANA","30","CENTRAL","50","PETROLEUM","069","","","00000000","","CATTLE","CATTLE, INCL CALVES - INVENTORY","TOTAL","NOT SPECIFIED","22,138","19.0"
"CENSUS","2017","END OF DEC","","COUNTY","MONTANA","30","CENTRAL","50","WHEATLAND","107","","","00000000","","CATTLE","CATTLE, INCL CALVES - INVENTORY","TOTAL","NOT SPECIFIED","43,006","19.0"
"CENSUS","2017","END OF DEC","","COUNTY","MONTANA","30","NORTH CENTRAL","20","BLAINE","005","","","00000000","","CATTLE","CATTLE, INCL CALVES - INVENTORY","TOTAL","NOT SPECIFIED","70,698","19.0"
"CENSUS","2017","END OF DEC","","COUNTY","MONTANA","30","NORTH CENTRAL","20","CHOUTEAU","015","","","00000000","","CATTLE","CATTLE, INCL CALVES - INVENTORY","TOTAL","NOT SPECIFIED","37,644","19.0"
"CENSUS","2017","END OF DEC","","COUNTY","MONTANA","30","NORTH CENTRAL","20","GLACIER","035","","","00000000","","CATTLE","CATTLE, INCL CALVES - INVENTORY","TOTAL","NOT SPECIFIED","43,839","19.0"
"CENSUS","2017","END OF DEC","","COUNTY","MONTANA","30","NORTH CENTRAL","20","HILL","041","","","00000000","","CATTLE","CATTLE, INCL CALVES - INVENTORY","TOTAL","NOT SPECIFIED","16,826","19.0"
"CENSUS","2017","END OF DEC","","COUNTY","MONTANA","30","NORTH CENTRAL","20","LIBERTY","051","","","00000000","","CATTLE","CATTLE, INCL CALVES - INVENTORY","TOTAL","NOT SPECIFIED","10,245","19.0"
"CENSUS","2017","END OF DEC","","COUNTY","MONTANA","30","NORTH CENTRAL","20","PHILLIPS","071","","","00000000","","CATTLE","CATTLE, INCL CALVES - INVENTORY","TOTAL","NOT SPECIFIED","76,901","19.0"
"CENSUS","2017","END OF DEC","","COUNTY","MONTANA","30","NORTH CENTRAL","20","PONDERA","073","","","00000000","","CATTLE","CATTLE, INCL CALVES - INVENTORY","TOTAL","NOT SPECIFIED","24,285","19.0"
"CENSUS","2017","END OF DEC","","COUNTY","MONTANA","30","NORTH CENTRAL","20","TETON","099","","","00000000","","CATTLE","CATTLE, INCL CALVES - INVENTORY","TOTAL","NOT SPECIFIED","46,002","19.0"
"CENSUS","2017","END OF DEC","","COUNTY","MONTANA","30","NORTH CENTRAL","20","TOOLE","101","","","00000000","","CATTLE","CATTLE, INCL CALVES - INVENTORY","TOTAL","NOT SPECIFIED","18,245","19.0"
"CENSUS","2017","END OF DEC","","COUNTY","MONTANA","30","NORTHEAST","30","DANIELS","019","","","00000000","","CATTLE","CATTLE, INCL CALVES - INVENTORY","TOTAL","NOT SPECIFIED","14,412","19.0"
"CENSUS","2017","END OF DEC","","COUNTY","MONTANA","30","NORTHEAST","30","DAWSON","021","","","00000000","","CATTLE","CATTLE, INCL CALVES - INVENTORY","TOTAL","NOT SPECIFIED","36,427","19.0"
"CENSUS","2017","END OF DEC","","COUNTY","MONTANA","30","NORTHEAST","30","GARFIELD","033","","","00000000","","CATTLE","CATTLE, INCL CALVES - INVENTORY","TOTAL","NOT SPECIFIED","74,262","19.0"
"CENSUS","2017","END OF DEC","","COUNTY","MONTANA","30","NORTHEAST","30","MCCONE","055","","","00000000","","CATTLE","CATTLE, INCL CALVES - INVENTORY","TOTAL","NOT SPECIFIED","40,349","19.0"
"CENSUS","2017","END OF DEC","","COUNTY","MONTANA","30","NORTHEAST","30","RICHLAND","083","","","00000000","","CATTLE","CATTLE, INCL CALVES - INVENTORY","TOTAL","NOT SPECIFIED","63,288","19.0"
"CENSUS","2017","END OF DEC","","COUNTY","MONTANA","30","NORTHEAST","30","ROOSEVELT","085","","","00000000","","CATTLE","CATTLE, INCL CALVES - INVENTORY","TOTAL","NOT SPECIFIED","27,228","19.0"
"CENSUS","2017","END OF DEC","","COUNTY","MONTANA","30","NORTHEAST","30","SHERIDAN","091","","","00000000","","CATTLE","CATTLE, INCL CALVES - INVENTORY","TOTAL","NOT SPECIFIED","17,651","19.0"
"CENSUS","2017","END OF DEC","","COUNTY","MONTANA","30","NORTHEAST","30","VALLEY","105","","","00000000","","CATTLE","CATTLE, INCL CALVES - INVENTORY","TOTAL","NOT SPECIFIED","61,831","19.0"
"CENSUS","2017","END OF DEC","","COUNTY","MONTANA","30","NORTHWEST","10","DEER LODGE","023","","","00000000","","CATTLE","CATTLE, INCL CALVES - INVENTORY","TOTAL","NOT SPECIFIED","7,361","19.0"
"CENSUS","2017","END OF DEC","","COUNTY","MONTANA","30","NORTHWEST","10","FLATHEAD","029","","","00000000","","CATTLE","CATTLE, INCL CALVES - INVENTORY","TOTAL","NOT SPECIFIED","8,441","19.0"
"CENSUS","2017","END OF DEC","","COUNTY","MONTANA","30","NORTHWEST","10","GRANITE","039","","","00000000","","CATTLE","CATTLE, INCL CALVES - INVENTORY","TOTAL","NOT SPECIFIED","19,392","19.0"
"CENSUS","2017","END OF DEC","","COUNTY","MONTANA","30","NORTHWEST","10","LAKE","047","","","00000000","","CATTLE","CATTLE, INCL CALVES - INVENTORY","TOTAL","NOT SPECIFIED","56,119","19.0"
"CENSUS","2017","END OF DEC","","COUNTY","MONTANA","30","NORTHWEST","10","LINCOLN","053","","","00000000","","CATTLE","CATTLE, INCL CALVES - INVENTORY","TOTAL","NOT SPECIFIED","2,101","19.0"
"CENSUS","2017","END OF DEC","","COUNTY","MONTANA","30","NORTHWEST","10","MINERAL","061","","","00000000","","CATTLE","CATTLE, INCL CALVES - INVENTORY","TOTAL","NOT SPECIFIED","438","19.0"
"CENSUS","2017","END OF DEC","","COUNTY","MONTANA","30","NORTHWEST","10","MISSOULA","063","","","00000000","","CATTLE","CATTLE, INCL CALVES - INVENTORY","TOTAL","NOT SPECIFIED","5,772","19.0"
"CENSUS","2017","END OF DEC","","COUNTY","MONTANA","30","NORTHWEST","10","POWELL","077","","","00000000","","CATTLE","CATTLE, INCL CALVES - INVENTORY","TOTAL","NOT SPECIFIED","35,243","19.0"
"CENSUS","2017","END OF DEC","","COUNTY","MONTANA","30","NORTHWEST","10","RAVALLI","081","","","00000000","","CATTLE","CATTLE, INCL CALVES - INVENTORY","TOTAL","NOT SPECIFIED","27,032","19.0"
"CENSUS","2017","END OF DEC","","COUNTY","MONTANA","30","NORTHWEST","10","SANDERS","089","","","00000000","","CATTLE","CATTLE, INCL CALVES - INVENTORY","TOTAL","NOT SPECIFIED","15,539","19.0"
"CENSUS","2017","END OF DEC","","COUNTY","MONTANA","30","SOUTH CENTRAL","80","BIG HORN","003","","","00000000","","CATTLE","CATTLE, INCL CALVES - INVENTORY","TOTAL","NOT SPECIFIED","83,734","19.0"
"CENSUS","2017","END OF DEC","","COUNTY","MONTANA","30","SOUTH CENTRAL","80","CARBON","009","","","00000000","","CATTLE","CATTLE, INCL CALVES - INVENTORY","TOTAL","NOT SPECIFIED","78,558","19.0"
"CENSUS","2017","END OF DEC","","COUNTY","MONTANA","30","SOUTH CENTRAL","80","PARK","067","","","00000000","","CATTLE","CATTLE, INCL CALVES - INVENTORY","TOTAL","NOT SPECIFIED","37,099","19.0"
"CENSUS","2017","END OF DEC","","COUNTY","MONTANA","30","SOUTH CENTRAL","80","STILLWATER","095","","","00000000","","CATTLE","CATTLE, INCL CALVES - INVENTORY","TOTAL","NOT SPECIFIED","46,755","19.0"
"CENSUS","2017","END OF DEC","","COUNTY","MONTANA","30","SOUTH CENTRAL","80","SWEET GRASS","097","","","00000000","","CATTLE","CATTLE, INCL CALVES - INVENTORY","TOTAL","NOT SPECIFIED","33,529","19.0"
"CENSUS","2017","END OF DEC","","COUNTY","MONTANA","30","SOUTH CENTRAL","80","TREASURE","103","","","00000000","","CATTLE","CATTLE, INCL CALVES - INVENTORY","TOTAL","NOT SPECIFIED","28,375","19.0"
"CENSUS","2017","END OF DEC","","COUNTY","MONTANA","30","SOUTH CENTRAL","80","YELLOWSTONE","111","","","00000000","","CATTLE","CATTLE, INCL CALVES - INVENTORY","TOTAL","NOT SPECIFIED","110,710","19.0"
"CENSUS","2017","END OF DEC","","COUNTY","MONTANA","30","SOUTHEAST","90","CARTER","011","","","00000000","","CATTLE","CATTLE, INCL CALVES - INVENTORY","TOTAL","NOT SPECIFIED","91,252","19.0"
"CENSUS","2017","END OF DEC","","COUNTY","MONTANA","30","SOUTHEAST","90","CUSTER","017","","","00000000","","CATTLE","CATTLE, INCL CALVES - INVENTORY","TOTAL","NOT SPECIFIED","90,952","19.0"
"CENSUS","2017","END OF DEC","","COUNTY","MONTANA","30","SOUTHEAST","90","FALLON","025","","","00000000","","CATTLE","CATTLE, INCL CALVES - INVENTORY","TOTAL","NOT SPECIFIED","46,066","19.0"
"CENSUS","2017","END OF DEC","","COUNTY","MONTANA","30","SOUTHEAST","90","POWDER RIVER","075","","","00000000","","CATTLE","CATTLE, INCL CALVES - INVENTORY","TOTAL","NOT SPECIFIED","84,944","19.0"
"CENSUS","2017","END OF DEC","","COUNTY","MONTANA","30","SOUTHEAST","90","PRAIRIE","079","","","00000000","","CATTLE","CATTLE, INCL CALVES - INVENTORY","TOTAL","NOT SPECIFIED","48,224","19.0"
"CENSUS","2017","END OF DEC","","COUNTY","MONTANA","30","SOUTHEAST","90","ROSEBUD","087","","","00000000","","CATTLE","CATTLE, INCL CALVES - INVENTORY","TOTAL","NOT SPECIFIED","91,559","19.0"
"CENSUS","2017","END OF DEC","","COUNTY","MONTANA","30","SOUTHEAST","90","WIBAUX","109","","","00000000","","CATTLE","CATTLE, INCL CALVES - INVENTORY","TOTAL","NOT SPECIFIED","21,050","19.0"
"CENSUS","2017","END OF DEC","","COUNTY","MONTANA","30","SOUTHWEST","70","BEAVERHEAD","001","","","00000000","","CATTLE","CATTLE, INCL CALVES - INVENTORY","TOTAL","NOT SPECIFIED","126,752","19.0"
"CENSUS","2017","END OF DEC","","COUNTY","MONTANA","30","SOUTHWEST","70","GALLATIN","031","","","00000000","","CATTLE","CATTLE, INCL CALVES - INVENTORY","TOTAL","NOT SPECIFIED","41,043","19.0"
"CENSUS","2017","END OF DEC","","COUNTY","MONTANA","30","SOUTHWEST","70","JEFFERSON","043","","","00000000","","CATTLE","CATTLE, INCL CALVES - INVENTORY","TOTAL","NOT SPECIFIED","24,879","19.0"
"CENSUS","2017","END OF DEC","","COUNTY","MONTANA","30","SOUTHWEST","70","MADISON","057","","","00000000","","CATTLE","CATTLE, INCL CALVES - INVENTORY","TOTAL","NOT SPECIFIED","80,763","19.0"
"CENSUS","2017","END OF DEC","","COUNTY","MONTANA","30","SOUTHWEST","70","SILVER BOW","093","","","00000000","","CATTLE","CATTLE, INCL CALVES - INVENTORY","TOTAL","NOT SPECIFIED","3,679","19.0"
"CENSUS","2017","END OF DEC","","COUNTY","NEVADA","32","NORTHEAST","30","ELKO","007","","","00000000","","CATTLE","CATTLE, INCL CALVES - INVENTORY","TOTAL","NOT SPECIFIED","127,322","16.5"
"CENSUS","2017","END OF DEC","","COUNTY","NEVADA","32","NORTHEAST","30","EUREKA","011","","","00000000","","CATTLE","CATTLE, INCL CALVES - INVENTORY","TOTAL","NOT SPECIFIED","20,051","16.5"
"CENSUS","2017","END OF DEC","","COUNTY","NEVADA","32","NORTHEAST","30","LANDER","015","","","00000000","","CATTLE","CATTLE, INCL CALVES - INVENTORY","TOTAL","NOT SPECIFIED","15,771","16.5"
"CENSUS","2017","END OF DEC","","COUNTY","NEVADA","32","NORTHEAST","30","WHITE PINE","033","","","00000000","","CATTLE","CATTLE, INCL CALVES - INVENTORY","TOTAL","NOT SPECIFIED","27,969","16.5"
"CENSUS","2017","END OF DEC","","COUNTY","NEVADA","32","NORTHWEST","10","CARSON CITY","510","","","00000000","","CATTLE","CATTLE, INCL CALVES - INVENTORY","TOTAL","NOT SPECIFIED","478","16.5"
"CENSUS","2017","END OF DEC","","COUNTY","NEVADA","32","NORTHWEST","10","CHURCHILL","001","","","00000000","","CATTLE","CATTLE, INCL CALVES - INVENTORY","TOTAL","NOT SPECIFIED","60,209","16.5"
"CENSUS","2017","END OF DEC","","COUNTY","NEVADA","32","NORTHWEST","10","DOUGLAS","005","","","00000000","","CATTLE","CATTLE, INCL CALVES - INVENTORY","TOTAL","NOT SPECIFIED","17,023","16.5"
"CENSUS","2017","END OF DEC","","COUNTY","NEVADA","32","NORTHWEST","10","HUMBOLDT","013","","","00000000","","CATTLE","CATTLE, INCL CALVES - INVENTORY","TOTAL","NOT SPECIFIED","64,349","16.5"
"CENSUS","2017","END OF DEC","","COUNTY","NEVADA","32","NORTHWEST","10","LYON","019","","","00000000","","CATTLE","CATTLE, INCL CALVES - INVENTORY","TOTAL","NOT SPECIFIED","53,063","16.5"
"CENSUS","2017","END OF DEC","","COUNTY","NEVADA","32","NORTHWEST","10","PERSHING","027","","","00000000","","CATTLE","CATTLE, INCL CALVES - INVENTORY","TOTAL","NOT SPECIFIED","20,549","16.5"
"CENSUS","2017","END OF DEC","","COUNTY","NEVADA","32","NORTHWEST","10","WASHOE","031","","","00000000","","CATTLE","CATTLE, INCL CALVES - INVENTORY","TOTAL","NOT SPECIFIED","13,549","16.5"
"CENSUS","2017","END OF DEC","","COUNTY","NEVADA","32","SOUTH","80","CLARK","003","","","00000000","","CATTLE","CATTLE, INCL CALVES - INVENTORY","TOTAL","NOT SPECIFIED","1,997","16.5"
"CENSUS","2017","END OF DEC","","COUNTY","NEVADA","32","SOUTH","80","ESMERALDA","009","","","00000000","","CATTLE","CATTLE, INCL CALVES - INVENTORY","TOTAL","NOT SPECIFIED","953","16.5"
"CENSUS","2017","END OF DEC","","COUNTY","NEVADA","32","SOUTH","80","LINCOLN","017","","","00000000","","CATTLE","CATTLE, INCL CALVES - INVENTORY","TOTAL","NOT SPECIFIED","18,329","16.5"
"CENSUS","2017","END OF DEC","","COUNTY","NEVADA","32","SOUTH","80","MINERAL","021","","","00000000","","CATTLE","CATTLE, INCL CALVES - INVENTORY","TOTAL","NOT SPECIFIED","1,264","16.5"
"CENSUS","2017","END OF DEC","","COUNTY","NEVADA","32","SOUTH","80","NYE","023","","","00000000","","CATTLE","CATTLE, INCL CALVES - INVENTORY","TOTAL","NOT SPECIFIED","33,982","16.5"
"CENSUS","2017","END OF DEC","","COUNTY","NEW MEXICO","35","NORTHEAST","30","COLFAX","007","","","00000000","","CATTLE","CATTLE, INCL CALVES - INVENTORY","TOTAL","NOT SPECIFIED","28,472","8.0"
"CENSUS","2017","END OF DEC","","COUNTY","NEW MEXICO","35","NORTHEAST","30","CURRY","009","","","00000000","","CATTLE","CATTLE, INCL CALVES - INVENTORY","TOTAL","NOT SPECIFIED","278,763","8.0"
"CENSUS","2017","END OF DEC","","COUNTY","NEW MEXICO","35","NORTHEAST","30","DE BACA","011","","","00000000","","CATTLE","CATTLE, INCL CALVES - INVENTORY","TOTAL","NOT SPECIFIED","37,350","8.0"
"CENSUS","2017","END OF DEC","","COUNTY","NEW MEXICO","35","NORTHEAST","30","GUADALUPE","019","","","00000000","","CATTLE","CATTLE, INCL CALVES - INVENTORY","TOTAL","NOT SPECIFIED","24,960","8.0"
"CENSUS","2017","END OF DEC","","COUNTY","NEW MEXICO","35","NORTHEAST","30","HARDING","021","","","00000000","","CATTLE","CATTLE, INCL CALVES - INVENTORY","TOTAL","NOT SPECIFIED","22,658","8.0"
"CENSUS","2017","END OF DEC","","COUNTY","NEW MEXICO","35","NORTHEAST","30","MORA","033","","","00000000","","CATTLE","CATTLE, INCL CALVES - INVENTORY","TOTAL","NOT SPECIFIED","18,264","8.0"
"CENSUS","2017","END OF DEC","","COUNTY","NEW MEXICO","35","NORTHEAST","30","QUAY","037","","","00000000","","CATTLE","CATTLE, INCL CALVES - INVENTORY","TOTAL","NOT SPECIFIED","40,579","8.0"
"CENSUS","2017","END OF DEC","","COUNTY","NEW MEXICO","35","NORTHEAST","30","ROOSEVELT","041","","","00000000","","CATTLE","CATTLE, INCL CALVES - INVENTORY","TOTAL","NOT SPECIFIED","147,068","8.0"
"CENSUS","2017","END OF DEC","","COUNTY","NEW MEXICO","35","NORTHEAST","30","SAN MIGUEL","047","","","00000000","","CATTLE","CATTLE, INCL CALVES - INVENTORY","TOTAL","NOT SPECIFIED","46,194","8.0"
"CENSUS","2017","END OF DEC","","COUNTY","NEW MEXICO","35","NORTHEAST","30","TORRANCE","057","","","00000000","","CATTLE","CATTLE, INCL CALVES - INVENTORY","TOTAL","NOT SPECIFIED","38,770","8.0"
"CENSUS","2017","END OF DEC","","COUNTY","NEW MEXICO","35","NORTHEAST","30","UNION","059","","","00000000","","CATTLE","CATTLE, INCL CALVES - INVENTORY","TOTAL","NOT SPECIFIED","78,954","8.0"
"CENSUS","2017","END OF DEC","","COUNTY","NEW MEXICO","35","NORTHWEST","10","BERNALILLO","001","","","00000000","","CATTLE","CATTLE, INCL CALVES - INVENTORY","TOTAL","NOT SPECIFIED","3,187","8.0"
"CENSUS","2017","END OF DEC","","COUNTY","NEW MEXICO","35","NORTHWEST","10","CIBOLA","006","","","00000000","","CATTLE","CATTLE, INCL CALVES - INVENTORY","TOTAL","NOT SPECIFIED","15,083","8.0"
"CENSUS","2017","END OF DEC","","COUNTY","NEW MEXICO","35","NORTHWEST","10","MCKINLEY","031","","","00000000","","CATTLE","CATTLE, INCL CALVES - INVENTORY","TOTAL","NOT SPECIFIED","22,139","8.0"
"CENSUS","2017","END OF DEC","","COUNTY","NEW MEXICO","35","NORTHWEST","10","RIO ARRIBA","039","","","00000000","","CATTLE","CATTLE, INCL CALVES - INVENTORY","TOTAL","NOT SPECIFIED","16,973","8.0"
"CENSUS","2017","END OF DEC","","COUNTY","NEW MEXICO","35","NORTHWEST","10","SAN JUAN","045","","","00000000","","CATTLE","CATTLE, INCL CALVES - INVENTORY","TOTAL","NOT SPECIFIED","16,523","8.0"
"CENSUS","2017","END OF DEC","","COUNTY","NEW MEXICO","35","NORTHWEST","10","SANDOVAL","043","","","00000000","","CATTLE","CATTLE, INCL CALVES - INVENTORY","TOTAL","NOT SPECIFIED","12,159","8.0"
"CENSUS","2017","END OF DEC","","COUNTY","NEW MEXICO","35","NORTHWEST","10","SANTA FE","049","","","00000000","","CATTLE","CATTLE, INCL CALVES - INVENTORY","TOTAL","NOT SPECIFIED","14,965","8.0"
"CENSUS","2017","END OF DEC","","COUNTY","NEW MEXICO","35","NORTHWEST","10","TAOS","055","","","00000000","","CATTLE","CATTLE, INCL CALVES - INVENTORY","TOTAL","NOT SPECIFIED","5,121","8.0"
"CENSUS","2017","END OF DEC","","COUNTY","NEW MEXICO","35","NORTHWEST","10","VALENCIA","061","","","00000000","","CATTLE","CATTLE, INCL CALVES - INVENTORY","TOTAL","NOT SPECIFIED","24,054","8.0"
"CENSUS","2017","END OF DEC","","COUNTY","NEW MEXICO","35","SOUTHEAST","90","CHAVES","005","","","00000000","","CATTLE","CATTLE, INCL CALVES - INVENTORY","TOTAL","NOT SPECIFIED","193,315","8.0"
"CENSUS","2017","END OF DEC","","COUNTY","NEW MEXICO","35","SOUTHEAST","90","DONA ANA","013","","","00000000","","CATTLE","CATTLE, INCL CALVES - INVENTORY","TOTAL","NOT SPECIFIED","66,423","8.0"
"CENSUS","2017","END OF DEC","","COUNTY","NEW MEXICO","35","SOUTHEAST","90","EDDY","015","","","00000000","","CATTLE","CATTLE, INCL CALVES - INVENTORY","TOTAL","NOT SPECIFIED","39,602","8.0"
"CENSUS","2017","END OF DEC","","COUNTY","NEW MEXICO","35","SOUTHEAST","90","LEA","025","","","00000000","","CATTLE","CATTLE, INCL CALVES - INVENTORY","TOTAL","NOT SPECIFIED","96,690","8.0"
"CENSUS","2017","END OF DEC","","COUNTY","NEW MEXICO","35","SOUTHEAST","90","LINCOLN","027","","","00000000","","CATTLE","CATTLE, INCL CALVES - INVENTORY","TOTAL","NOT SPECIFIED","31,767","8.0"
"CENSUS","2017","END OF DEC","","COUNTY","NEW MEXICO","35","SOUTHEAST","90","OTERO","035","","","00000000","","CATTLE","CATTLE, INCL CALVES - INVENTORY","TOTAL","NOT SPECIFIED","16,279","8.0"
"CENSUS","2017","END OF DEC","","COUNTY","NEW MEXICO","35","SOUTHWEST","70","CATRON","003","","","00000000","","CATTLE","CATTLE, INCL CALVES - INVENTORY","TOTAL","NOT SPECIFIED","23,241","8.0"
"CENSUS","2017","END OF DEC","","COUNTY","NEW MEXICO","35","SOUTHWEST","70","GRANT","017","","","00000000","","CATTLE","CATTLE, INCL CALVES - INVENTORY","TOTAL","NOT SPECIFIED","27,059","8.0"
"CENSUS","2017","END OF DEC","","COUNTY","NEW MEXICO","35","SOUTHWEST","70","HIDALGO","023","","","00000000","","CATTLE","CATTLE, INCL CALVES - INVENTORY","TOTAL","NOT SPECIFIED","22,692","8.0"
"CENSUS","2017","END OF DEC","","COUNTY","NEW MEXICO","35","SOUTHWEST","70","LUNA","029","","","00000000","","CATTLE","CATTLE, INCL CALVES - INVENTORY","TOTAL","NOT SPECIFIED","26,639","8.0"
"CENSUS","2017","END OF DEC","","COUNTY","NEW MEXICO","35","SOUTHWEST","70","SIERRA","051","","","00000000","","CATTLE","CATTLE, INCL CALVES - INVENTORY","TOTAL","NOT SPECIFIED","20,267","8.0"
"CENSUS","2017","END OF DEC","","COUNTY","NEW MEXICO","35","SOUTHWEST","70","SOCORRO","053","","","00000000","","CATTLE","CATTLE, INCL CALVES - INVENTORY","TOTAL","NOT SPECIFIED","42,521","8.0"
"CENSUS","2017","END OF DEC","","COUNTY","OREGON","41","NORTH CENTRAL","20","GILLIAM","021","","","00000000","","CATTLE","CATTLE, INCL CALVES - INVENTORY","TOTAL","NOT SPECIFIED","10,665","14.0"
"CENSUS","2017","END OF DEC","","COUNTY","OREGON","41","NORTH CENTRAL","20","HOOD RIVER","027","","","00000000","","CATTLE","CATTLE, INCL CALVES - INVENTORY","TOTAL","NOT SPECIFIED","898","14.0"
"CENSUS","2017","END OF DEC","","COUNTY","OREGON","41","NORTH CENTRAL","20","MORROW","049","","","00000000","","CATTLE","CATTLE, INCL CALVES - INVENTORY","TOTAL","NOT SPECIFIED","149,340","14.0"
"CENSUS","2017","END OF DEC","","COUNTY","OREGON","41","NORTH CENTRAL","20","SHERMAN","055","","","00000000","","CATTLE","CATTLE, INCL CALVES - INVENTORY","TOTAL","NOT SPECIFIED","3,369","14.0"
"CENSUS","2017","END OF DEC","","COUNTY","OREGON","41","NORTH CENTRAL","20","WASCO","065","","","00000000","","CATTLE","CATTLE, INCL CALVES - INVENTORY","TOTAL","NOT SPECIFIED","21,600","14.0"
"CENSUS","2017","END OF DEC","","COUNTY","OREGON","41","NORTHEAST","30","BAKER","001","","","00000000","","CATTLE","CATTLE, INCL CALVES - INVENTORY","TOTAL","NOT SPECIFIED","75,376","14.0"
"CENSUS","2017","END OF DEC","","COUNTY","OREGON","41","NORTHEAST","30","UMATILLA","059","","","00000000","","CATTLE","CATTLE, INCL CALVES - INVENTORY","TOTAL","NOT SPECIFIED","56,415","14.0"
"CENSUS","2017","END OF DEC","","COUNTY","OREGON","41","NORTHEAST","30","UNION","061","","","00000000","","CATTLE","CATTLE, INCL CALVES - INVENTORY","TOTAL","NOT SPECIFIED","24,573","14.0"
"CENSUS","2017","END OF DEC","","COUNTY","OREGON","41","NORTHEAST","30","WALLOWA","063","","","00000000","","CATTLE","CATTLE, INCL CALVES - INVENTORY","TOTAL","NOT SPECIFIED","36,249","14.0"
"CENSUS","2017","END OF DEC","","COUNTY","OREGON","41","NORTHWEST","10","BENTON","003","","","00000000","","CATTLE","CATTLE, INCL CALVES - INVENTORY","TOTAL","NOT SPECIFIED","8,165","14.0"
"CENSUS","2017","END OF DEC","","COUNTY","OREGON","41","NORTHWEST","10","CLACKAMAS","005","","","00000000","","CATTLE","CATTLE, INCL CALVES - INVENTORY","TOTAL","NOT SPECIFIED","14,756","14.0"
"CENSUS","2017","END OF DEC","","COUNTY","OREGON","41","NORTHWEST","10","CLATSOP","007","","","00000000","","CATTLE","CATTLE, INCL CALVES - INVENTORY","TOTAL","NOT SPECIFIED","4,016","14.0"
"CENSUS","2017","END OF DEC","","COUNTY","OREGON","41","NORTHWEST","10","COLUMBIA","009","","","00000000","","CATTLE","CATTLE, INCL CALVES - INVENTORY","TOTAL","NOT SPECIFIED","4,775","14.0"
"CENSUS","2017","END OF DEC","","COUNTY","OREGON","41","NORTHWEST","10","LANE","039","","","00000000","","CATTLE","CATTLE, INCL CALVES - INVENTORY","TOTAL","NOT SPECIFIED","26,392","14.0"
"CENSUS","2017","END OF DEC","","COUNTY","OREGON","41","NORTHWEST","10","LINCOLN","041","","","00000000","","CATTLE","CATTLE, INCL CALVES - INVENTORY","TOTAL","NOT SPECIFIED","2,993","14.0"
"CENSUS","2017","END OF DEC","","COUNTY","OREGON","41","NORTHWEST","10","LINN","043","","","00000000","","CATTLE","CATTLE, INCL CALVES - INVENTORY","TOTAL","NOT SPECIFIED","24,282","14.0"
"CENSUS","2017","END OF DEC","","COUNTY","OREGON","41","NORTHWEST","10","MARION","047","","","00000000","","CATTLE","CATTLE, INCL CALVES - INVENTORY","TOTAL","NOT SPECIFIED","29,433","14.0"
"CENSUS","2017","END OF DEC","","COUNTY","OREGON","41","NORTHWEST","10","MULTNOMAH","051","","","00000000","","CATTLE","CATTLE, INCL CALVES - INVENTORY","TOTAL","NOT SPECIFIED","1,284","14.0"
"CENSUS","2017","END OF DEC","","COUNTY","OREGON","41","NORTHWEST","10","POLK","053","","","00000000","","CATTLE","CATTLE, INCL CALVES - INVENTORY","TOTAL","NOT SPECIFIED","13,108","14.0"
"CENSUS","2017","END OF DEC","","COUNTY","OREGON","41","NORTHWEST","10","TILLAMOOK","057","","","00000000","","CATTLE","CATTLE, INCL CALVES - INVENTORY","TOTAL","NOT SPECIFIED","44,364","14.0"
"CENSUS","2017","END OF DEC","","COUNTY","OREGON","41","NORTHWEST","10","WASHINGTON","067","","","00000000","","CATTLE","CATTLE, INCL CALVES - INVENTORY","TOTAL","NOT SPECIFIED","5,422","14.0"
"CENSUS","2017","END OF DEC","","COUNTY","OREGON","41","NORTHWEST","10","YAMHILL","071","","","00000000","","CATTLE","CATTLE, INCL CALVES - INVENTORY","TOTAL","NOT SPECIFIED","21,920","14.0"
"CENSUS","2017","END OF DEC","","COUNTY","OREGON","41","SOUTHEAST","80","CROOK","013","","","00000000","","CATTLE","CATTLE, INCL CALVES - INVENTORY","TOTAL","NOT SPECIFIED","47,399","14.0"
"CENSUS","2017","END OF DEC","","COUNTY","OREGON","41","SOUTHEAST","80","DESCHUTES","017","","","00000000","","CATTLE","CATTLE, INCL CALVES - INVENTORY","TOTAL","NOT SPECIFIED","13,895","14.0"
"CENSUS","2017","END OF DEC","","COUNTY","OREGON","41","SOUTHEAST","80","GRANT","023","","","00000000","","CATTLE","CATTLE, INCL CALVES - INVENTORY","TOTAL","NOT SPECIFIED","35,213","14.0"
"CENSUS","2017","END OF DEC","","COUNTY","OREGON","41","SOUTHEAST","80","HARNEY","025","","","00000000","","CATTLE","CATTLE, INCL CALVES - INVENTORY","TOTAL","NOT SPECIFIED","96,972","14.0"
"CENSUS","2017","END OF DEC","","COUNTY","OREGON","41","SOUTHEAST","80","JEFFERSON","031","","","00000000","","CATTLE","CATTLE, INCL CALVES - INVENTORY","TOTAL","NOT SPECIFIED","16,844","14.0"
"CENSUS","2017","END OF DEC","","COUNTY","OREGON","41","SOUTHEAST","80","KLAMATH","035","","","00000000","","CATTLE","CATTLE, INCL CALVES - INVENTORY","TOTAL","NOT SPECIFIED","71,020","14.0"
"CENSUS","2017","END OF DEC","","COUNTY","OREGON","41","SOUTHEAST","80","LAKE","037","","","00000000","","CATTLE","CATTLE, INCL CALVES - INVENTORY","TOTAL","NOT SPECIFIED","85,584","14.0"
"CENSUS","2017","END OF DEC","","COUNTY","OREGON","41","SOUTHEAST","80","MALHEUR","045","","","00000000","","CATTLE","CATTLE, INCL CALVES - INVENTORY","TOTAL","NOT SPECIFIED","163,486","14.0"
"CENSUS","2017","END OF DEC","","COUNTY","OREGON","41","SOUTHEAST","80","WHEELER","069","","","00000000","","CATTLE","CATTLE, INCL CALVES - INVENTORY","TOTAL","NOT SPECIFIED","15,228","14.0"
"CENSUS","2017","END OF DEC","","COUNTY","OREGON","41","SOUTHWEST","70","COOS","011","","","00000000","","CATTLE","CATTLE, INCL CALVES - INVENTORY","TOTAL","NOT SPECIFIED","25,605","14.0"
"CENSUS","2017","END OF DEC","","COUNTY","OREGON","41","SOUTHWEST","70","CURRY","015","","","00000000","","CATTLE","CATTLE, INCL CALVES - INVENTORY","TOTAL","NOT SPECIFIED","8,263","14.0"
"CENSUS","2017","END OF DEC","","COUNTY","OREGON","41","SOUTHWEST","70","DOUGLAS","019","","","00000000","","CATTLE","CATTLE, INCL CALVES - INVENTORY","TOTAL","NOT SPECIFIED","58,852","14.0"
"CENSUS","2017","END OF DEC","","COUNTY","OREGON","41","SOUTHWEST","70","JACKSON","029","","","00000000","","CATTLE","CATTLE, INCL CALVES - INVENTORY","TOTAL","NOT SPECIFIED","20,787","14.0"
"CENSUS","2017","END OF DEC","","COUNTY","OREGON","41","SOUTHWEST","70","JOSEPHINE","033","","","00000000","","CATTLE","CATTLE, INCL CALVES - INVENTORY","TOTAL","NOT SPECIFIED","5,373","14.0"
"CENSUS","2017","END OF DEC","","COUNTY","UTAH","49","CENTRAL","50","JUAB","023","","","00000000","","CATTLE","CATTLE, INCL CALVES - INVENTORY","TOTAL","NOT SPECIFIED","19,494","14.1"
"CENSUS","2017","END OF DEC","","COUNTY","UTAH","49","CENTRAL","50","MILLARD","027","","","00000000","","CATTLE","CATTLE, INCL CALVES - INVENTORY","TOTAL","NOT SPECIFIED","56,875","14.1"
"CENSUS","2017","END OF DEC","","COUNTY","UTAH","49","CENTRAL","50","SANPETE","039","","","00000000","","CATTLE","CATTLE, INCL CALVES - INVENTORY","TOTAL","NOT SPECIFIED","56,496","14.1"
"CENSUS","2017","END OF DEC","","COUNTY","UTAH","49","CENTRAL","50","SEVIER","041","","","00000000","","CATTLE","CATTLE, INCL CALVES - INVENTORY","TOTAL","NOT SPECIFIED","47,169","14.1"
"CENSUS","2017","END OF DEC","","COUNTY","UTAH","49","CENTRAL","50","UTAH","049","","","00000000","","CATTLE","CATTLE, INCL CALVES - INVENTORY","TOTAL","NOT SPECIFIED","54,299","14.1"
"CENSUS","2017","END OF DEC","","COUNTY","UTAH","49","EASTERN","60","CARBON","007","","","00000000","","CATTLE","CATTLE, INCL CALVES - INVENTORY","TOTAL","NOT SPECIFIED","6,378","14.1"
"CENSUS","2017","END OF DEC","","COUNTY","UTAH","49","EASTERN","60","DAGGETT","009","","","00000000","","CATTLE","CATTLE, INCL CALVES - INVENTORY","TOTAL","NOT SPECIFIED","3,671","14.1"
"CENSUS","2017","END OF DEC","","COUNTY","UTAH","49","EASTERN","60","DUCHESNE","013","","","00000000","","CATTLE","CATTLE, INCL CALVES - INVENTORY","TOTAL","NOT SPECIFIED","54,683","14.1"
"CENSUS","2017","END OF DEC","","COUNTY","UTAH","49","EASTERN","60","EMERY","015","","","00000000","","CATTLE","CATTLE, INCL CALVES - INVENTORY","TOTAL","NOT SPECIFIED","19,047","14.1"
"CENSUS","2017","END OF DEC","","COUNTY","UTAH","49","EASTERN","60","GRAND","019","","","00000000","","CATTLE","CATTLE, INCL CALVES - INVENTORY","TOTAL","NOT SPECIFIED","5,393","14.1"
"CENSUS","2017","END OF DEC","","COUNTY","UTAH","49","EASTERN","60","SAN JUAN","037","","","00000000","","CATTLE","CATTLE, INCL CALVES - INVENTORY","TOTAL","NOT SPECIFIED","14,591","14.1"
"CENSUS","2017","END OF DEC","","COUNTY","UTAH","49","EASTERN","60","SUMMIT","043","","","00000000","","CATTLE","CATTLE, INCL CALVES - INVENTORY","TOTAL","NOT SPECIFIED","18,707","14.1"
"CENSUS","2017","END OF DEC","","COUNTY","UTAH","49","EASTERN","60","UINTAH","047","","","00000000","","CATTLE","CATTLE, INCL CALVES - INVENTORY","TOTAL","NOT SPECIFIED","35,632","14.1"
"CENSUS","2017","END OF DEC","","COUNTY","UTAH","49","EASTERN","60","WASATCH","051","","","00000000","","CATTLE","CATTLE, INCL CALVES - INVENTORY","TOTAL","NOT SPECIFIED","7,325","14.1"
"CENSUS","2017","END OF DEC","","COUNTY","UTAH","49","NORTHERN","10","BOX ELDER","003","","","00000000","","CATTLE","CATTLE, INCL CALVES - INVENTORY","TOTAL","NOT SPECIFIED","78,614","14.1"
"CENSUS","2017","END OF DEC","","COUNTY","UTAH","49","NORTHERN","10","CACHE","005","","","00000000","","CATTLE","CATTLE, INCL CALVES - INVENTORY","TOTAL","NOT SPECIFIED","57,695","14.1"
"CENSUS","2017","END OF DEC","","COUNTY","UTAH","49","NORTHERN","10","DAVIS","011","","","00000000","","CATTLE","CATTLE, INCL CALVES - INVENTORY","TOTAL","NOT SPECIFIED","3,492","14.1"
"CENSUS","2017","END OF DEC","","COUNTY","UTAH","49","NORTHERN","10","MORGAN","029","","","00000000","","CATTLE","CATTLE, INCL CALVES - INVENTORY","TOTAL","NOT SPECIFIED","7,910","14.1"
"CENSUS","2017","END OF DEC","","COUNTY","UTAH","49","NORTHERN","10","RICH","033","","","00000000","","CATTLE","CATTLE, INCL CALVES - INVENTORY","TOTAL","NOT SPECIFIED","39,726","14.1"
"CENSUS","2017","END OF DEC","","COUNTY","UTAH","49","NORTHERN","10","SALT LAKE","035","","","00000000","","CATTLE","CATTLE, INCL CALVES - INVENTORY","TOTAL","NOT SPECIFIED","2,060","14.1"
"CENSUS","2017","END OF DEC","","COUNTY","UTAH","49","NORTHERN","10","TOOELE","045","","","00000000","","CATTLE","CATTLE, INCL CALVES - INVENTORY","TOTAL","NOT SPECIFIED","20,402","14.1"
"CENSUS","2017","END OF DEC","","COUNTY","UTAH","49","NORTHERN","10","WEBER","057","","","00000000","","CATTLE","CATTLE, INCL CALVES - INVENTORY","TOTAL","NOT SPECIFIED","19,294","14.1"
"CENSUS","2017","END OF DEC","","COUNTY","UTAH","49","SOUTHERN","70","BEAVER","001","","","00000000","","CATTLE","CATTLE, INCL CALVES - INVENTORY","TOTAL","NOT SPECIFIED","27,146","14.1"
"CENSUS","2017","END OF DEC","","COUNTY","UTAH","49","SOUTHERN","70","GARFIELD","017","","","00000000","","CATTLE","CATTLE, INCL CALVES - INVENTORY","TOTAL","NOT SPECIFIED","14,764","14.1"
"CENSUS","2017","END OF DEC","","COUNTY","UTAH","49","SOUTHERN","70","IRON","021","","","00000000","","CATTLE","CATTLE, INCL CALVES - INVENTORY","TOTAL","NOT SPECIFIED","36,720","14.1"
"CENSUS","2017","END OF DEC","","COUNTY","UTAH","49","SOUTHERN","70","KANE","025","","","00000000","","CATTLE","CATTLE, INCL CALVES - INVENTORY","TOTAL","NOT SPECIFIED","8,493","14.1"
"CENSUS","2017","END OF DEC","","COUNTY","UTAH","49","SOUTHERN","70","PIUTE","031","","","00000000","","CATTLE","CATTLE, INCL CALVES - INVENTORY","TOTAL","NOT SPECIFIED","17,823","14.1"
"CENSUS","2017","END OF DEC","","COUNTY","UTAH","49","SOUTHERN","70","WASHINGTON","053","","","00000000","","CATTLE","CATTLE, INCL CALVES - INVENTORY","TOTAL","NOT SPECIFIED","12,670","14.1"
"CENSUS","2017","END OF DEC","","COUNTY","UTAH","49","SOUTHERN","70","WAYNE","055","","","00000000","","CATTLE","CATTLE, INCL CALVES - INVENTORY","TOTAL","NOT SPECIFIED","18,156","14.1"
"CENSUS","2017","END OF DEC","","COUNTY","WASHINGTON","53","CENTRAL","20","BENTON","005","","","00000000","","CATTLE","CATTLE, INCL CALVES - INVENTORY","TOTAL","NOT SPECIFIED","78,863","8.0"
"CENSUS","2017","END OF DEC","","COUNTY","WASHINGTON","53","CENTRAL","20","CHELAN","007","","","00000000","","CATTLE","CATTLE, INCL CALVES - INVENTORY","TOTAL","NOT SPECIFIED","366","8.0"
"CENSUS","2017","END OF DEC","","COUNTY","WASHINGTON","53","CENTRAL","20","KITTITAS","037","","","00000000","","CATTLE","CATTLE, INCL CALVES - INVENTORY","TOTAL","NOT SPECIFIED","26,758","8.0"
"CENSUS","2017","END OF DEC","","COUNTY","WASHINGTON","53","CENTRAL","20","KLICKITAT","039","","","00000000","","CATTLE","CATTLE, INCL CALVES - INVENTORY","TOTAL","NOT SPECIFIED","20,439","8.0"
"CENSUS","2017","END OF DEC","","COUNTY","WASHINGTON","53","CENTRAL","20","OKANOGAN","047","","","00000000","","CATTLE","CATTLE, INCL CALVES - INVENTORY","TOTAL","NOT SPECIFIED","39,801","8.0"
"CENSUS","2017","END OF DEC","","COUNTY","WASHINGTON","53","CENTRAL","20","YAKIMA","077","","","00000000","","CATTLE","CATTLE, INCL CALVES - INVENTORY","TOTAL","NOT SPECIFIED","239,647","8.0"
"CENSUS","2017","END OF DEC","","COUNTY","WASHINGTON","53","EAST CENTRAL","50","ADAMS","001","","","00000000","","CATTLE","CATTLE, INCL CALVES - INVENTORY","TOTAL","NOT SPECIFIED","47,301","8.0"
"CENSUS","2017","END OF DEC","","COUNTY","WASHINGTON","53","EAST CENTRAL","50","DOUGLAS","017","","","00000000","","CATTLE","CATTLE, INCL CALVES - INVENTORY","TOTAL","NOT SPECIFIED","10,312","8.0"
"CENSUS","2017","END OF DEC","","COUNTY","WASHINGTON","53","EAST CENTRAL","50","FRANKLIN","021","","","00000000","","CATTLE","CATTLE, INCL CALVES - INVENTORY","TOTAL","NOT SPECIFIED","79,525","8.0"
"CENSUS","2017","END OF DEC","","COUNTY","WASHINGTON","53","EAST CENTRAL","50","GRANT","025","","","00000000","","CATTLE","CATTLE, INCL CALVES - INVENTORY","TOTAL","NOT SPECIFIED","177,149","8.0"
"CENSUS","2017","END OF DEC","","COUNTY","WASHINGTON","53","EAST CENTRAL","50","LINCOLN","043","","","00000000","","CATTLE","CATTLE, INCL CALVES - INVENTORY","TOTAL","NOT SPECIFIED","17,532","8.0"
"CENSUS","2017","END OF DEC","","COUNTY","WASHINGTON","53","NORTHEAST","30","FERRY","019","","","00000000","","CATTLE","CATTLE, INCL CALVES - INVENTORY","TOTAL","NOT SPECIFIED","4,611","8.0"
"CENSUS","2017","END OF DEC","","COUNTY","WASHINGTON","53","NORTHEAST","30","PEND OREILLE","051","","","00000000","","CATTLE","CATTLE, INCL CALVES - INVENTORY","TOTAL","NOT SPECIFIED","4,304","8.0"
"CENSUS","2017","END OF DEC","","COUNTY","WASHINGTON","53","NORTHEAST","30","SPOKANE","063","","","00000000","","CATTLE","CATTLE, INCL CALVES - INVENTORY","TOTAL","NOT SPECIFIED","19,028","8.0"
"CENSUS","2017","END OF DEC","","COUNTY","WASHINGTON","53","NORTHEAST","30","STEVENS","065","","","00000000","","CATTLE","CATTLE, INCL CALVES - INVENTORY","TOTAL","NOT SPECIFIED","19,992","8.0"
"CENSUS","2017","END OF DEC","","COUNTY","WASHINGTON","53","SOUTHEAST","90","ASOTIN","003","","","00000000","","CATTLE","CATTLE, INCL CALVES - INVENTORY","TOTAL","NOT SPECIFIED","9,884","8.0"
"CENSUS","2017","END OF DEC","","COUNTY","WASHINGTON","53","SOUTHEAST","90","COLUMBIA","013","","","00000000","","CATTLE","CATTLE, INCL CALVES - INVENTORY","TOTAL","NOT SPECIFIED","3,955","8.0"
"CENSUS","2017","END OF DEC","","COUNTY","WASHINGTON","53","SOUTHEAST","90","GARFIELD","023","","","00000000","","CATTLE","CATTLE, INCL CALVES - INVENTORY","TOTAL","NOT SPECIFIED","9,407","8.0"
"CENSUS","2017","END OF DEC","","COUNTY","WASHINGTON","53","SOUTHEAST","90","WALLA WALLA","071","","","00000000","","CATTLE","CATTLE, INCL CALVES - INVENTORY","TOTAL","NOT SPECIFIED","53,961","8.0"
"CENSUS","2017","END OF DEC","","COUNTY","WASHINGTON","53","SOUTHEAST","90","WHITMAN","075","","","00000000","","CATTLE","CATTLE, INCL CALVES - INVENTORY","TOTAL","NOT SPECIFIED","19,686","8.0"
"CENSUS","2017","END OF DEC","","COUNTY","WASHINGTON","53","WESTERN","10","CLALLAM","009","","","00000000","","CATTLE","CATTLE, INCL CALVES - INVENTORY","TOTAL","NOT SPECIFIED","3,435","8.0"
"CENSUS","2017","END OF DEC","","COUNTY","WASHINGTON","53","WESTERN","10","CLARK","011","","","00000000","","CATTLE","CATTLE, INCL CALVES - INVENTORY","TOTAL","NOT SPECIFIED","15,065","8.0"
"CENSUS","2017","END OF DEC","","COUNTY","WASHINGTON","53","WESTERN","10","COWLITZ","015","","","00000000","","CATTLE","CATTLE, INCL CALVES - INVENTORY","TOTAL","NOT SPECIFIED","3,644","8.0"
"CENSUS","2017","END OF DEC","","COUNTY","WASHINGTON","53","WESTERN","10","GRAYS HARBOR","027","","","00000000","","CATTLE","CATTLE, INCL CALVES - INVENTORY","TOTAL","NOT SPECIFIED","8,512","8.0"
"CENSUS","2017","END OF DEC","","COUNTY","WASHINGTON","53","WESTERN","10","ISLAND","029","","","00000000","","CATTLE","CATTLE, INCL CALVES - INVENTORY","TOTAL","NOT SPECIFIED","5,482","8.0"
"CENSUS","2017","END OF DEC","","COUNTY","WASHINGTON","53","WESTERN","10","JEFFERSON","031","","","00000000","","CATTLE","CATTLE, INCL CALVES - INVENTORY","TOTAL","NOT SPECIFIED","1,547","8.0"
"CENSUS","2017","END OF DEC","","COUNTY","WASHINGTON","53","WESTERN","10","KING","033","","","00000000","","CATTLE","CATTLE, INCL CALVES - INVENTORY","TOTAL","NOT SPECIFIED","18,883","8.0"
"CENSUS","2017","END OF DEC","","COUNTY","WASHINGTON","53","WESTERN","10","KITSAP","035","","","00000000","","CATTLE","CATTLE, INCL CALVES - INVENTORY","TOTAL","NOT SPECIFIED","1,166","8.0"
"CENSUS","2017","END OF DEC","","COUNTY","WASHINGTON","53","WESTERN","10","LEWIS","041","","","00000000","","CATTLE","CATTLE, INCL CALVES - INVENTORY","TOTAL","NOT SPECIFIED","28,362","8.0"
"CENSUS","2017","END OF DEC","","COUNTY","WASHINGTON","53","WESTERN","10","MASON","045","","","00000000","","CATTLE","CATTLE, INCL CALVES - INVENTORY","TOTAL","NOT SPECIFIED","2,047","8.0"
"CENSUS","2017","END OF DEC","","COUNTY","WASHINGTON","53","WESTERN","10","PACIFIC","049","","","00000000","","CATTLE","CATTLE, INCL CALVES - INVENTORY","TOTAL","NOT SPECIFIED","6,637","8.0"
"CENSUS","2017","END OF DEC","","COUNTY","WASHINGTON","53","WESTERN","10","PIERCE","053","","","00000000","","CATTLE","CATTLE, INCL CALVES - INVENTORY","TOTAL","NOT SPECIFIED","10,936","8.0"
"CENSUS","2017","END OF DEC","","COUNTY","WASHINGTON","53","WESTERN","10","SAN JUAN","055","","","00000000","","CATTLE","CATTLE, INCL CALVES - INVENTORY","TOTAL","NOT SPECIFIED","1,706","8.0"
"CENSUS","2017","END OF DEC","","COUNTY","WASHINGTON","53","WESTERN","10","SKAGIT","057","","","00000000","","CATTLE","CATTLE, INCL CALVES - INVENTORY","TOTAL","NOT SPECIFIED","29,525","8.0"
"CENSUS","2017","END OF DEC","","COUNTY","WASHINGTON","53","WESTERN","10","SKAMANIA","059","","","00000000","","CATTLE","CATTLE, INCL CALVES - INVENTORY","TOTAL","NOT SPECIFIED","477","8.0"
"CENSUS","2017","END OF DEC","","COUNTY","WASHINGTON","53","WESTERN","10","SNOHOMISH","061","","","00000000","","CATTLE","CATTLE, INCL CALVES - INVENTORY","TOTAL","NOT SPECIFIED","31,432","8.0"
"CENSUS","2017","END OF DEC","","COUNTY","WASHINGTON","53","WESTERN","10","THURSTON","067","","","00000000","","CATTLE","CATTLE, INCL CALVES - INVENTORY","TOTAL","NOT SPECIFIED","18,203","8.0"
"CENSUS","2017","END OF DEC","","COUNTY","WASHINGTON","53","WESTERN","10","WAHKIAKUM","069","","","00000000","","CATTLE","CATTLE, INCL CALVES - INVENTORY","TOTAL","NOT SPECIFIED","2,421","8.0"
"CENSUS","2017","END OF DEC","","COUNTY","WASHINGTON","53","WESTERN","10","WHATCOM","073","","","00000000","","CATTLE","CATTLE, INCL CALVES - INVENTORY","TOTAL","NOT SPECIFIED","83,543","8.0"
"CENSUS","2017","END OF DEC","","COUNTY","WYOMING","56","NORTHEAST","20","CAMPBELL","005","","","00000000","","CATTLE","CATTLE, INCL CALVES - INVENTORY","TOTAL","NOT SPECIFIED","78,310","18.5"
"CENSUS","2017","END OF DEC","","COUNTY","WYOMING","56","NORTHEAST","20","CROOK","011","","","00000000","","CATTLE","CATTLE, INCL CALVES - INVENTORY","TOTAL","NOT SPECIFIED","67,640","18.5"
"CENSUS","2017","END OF DEC","","COUNTY","WYOMING","56","NORTHEAST","20","JOHNSON","019","","","00000000","","CATTLE","CATTLE, INCL CALVES - INVENTORY","TOTAL","NOT SPECIFIED","63,035","18.5"
"CENSUS","2017","END OF DEC","","COUNTY","WYOMING","56","NORTHEAST","20","SHERIDAN","033","","","00000000","","CATTLE","CATTLE, INCL CALVES - INVENTORY","TOTAL","NOT SPECIFIED","65,069","18.5"
"CENSUS","2017","END OF DEC","","COUNTY","WYOMING","56","NORTHEAST","20","WESTON","045","","","00000000","","CATTLE","CATTLE, INCL CALVES - INVENTORY","TOTAL","NOT SPECIFIED","44,627","18.5"
"CENSUS","2017","END OF DEC","","COUNTY","WYOMING","56","NORTHWEST","10","BIG HORN","003","","","00000000","","CATTLE","CATTLE, INCL CALVES - INVENTORY","TOTAL","NOT SPECIFIED","42,978","18.5"
"CENSUS","2017","END OF DEC","","COUNTY","WYOMING","56","NORTHWEST","10","FREMONT","013","","","00000000","","CATTLE","CATTLE, INCL CALVES - INVENTORY","TOTAL","NOT SPECIFIED","89,022","18.5"
"CENSUS","2017","END OF DEC","","COUNTY","WYOMING","56","NORTHWEST","10","HOT SPRINGS","017","","","00000000","","CATTLE","CATTLE, INCL CALVES - INVENTORY","TOTAL","NOT SPECIFIED","20,972","18.5"
"CENSUS","2017","END OF DEC","","COUNTY","WYOMING","56","NORTHWEST","10","PARK","029","","","00000000","","CATTLE","CATTLE, INCL CALVES - INVENTORY","TOTAL","NOT SPECIFIED","41,925","18.5"
"CENSUS","2017","END OF DEC","","COUNTY","WYOMING","56","NORTHWEST","10","WASHAKIE","043","","","00000000","","CATTLE","CATTLE, INCL CALVES - INVENTORY","TOTAL","NOT SPECIFIED","30,496","18.5"
"CENSUS","2017","END OF DEC","","COUNTY","WYOMING","56","SOUTH CENTRAL","40","ALBANY","001","","","00000000","","CATTLE","CATTLE, INCL CALVES - INVENTORY","TOTAL","NOT SPECIFIED","53,567","18.5"
"CENSUS","2017","END OF DEC","","COUNTY","WYOMING","56","SOUTH CENTRAL","40","CARBON","007","","","00000000","","CATTLE","CATTLE, INCL CALVES - INVENTORY","TOTAL","NOT SPECIFIED","95,767","18.5"
"CENSUS","2017","END OF DEC","","COUNTY","WYOMING","56","SOUTH CENTRAL","40","NATRONA","025","","","00000000","","CATTLE","CATTLE, INCL CALVES - INVENTORY","TOTAL","NOT SPECIFIED","55,824","18.5"
"CENSUS","2017","END OF DEC","","COUNTY","WYOMING","56","SOUTH CENTRAL","40","SWEETWATER","037","","","00000000","","CATTLE","CATTLE, INCL CALVES - INVENTORY","TOTAL","NOT SPECIFIED","21,554","18.5"
"CENSUS","2017","END OF DEC","","COUNTY","WYOMING","56","SOUTHEAST","50","CONVERSE","009","","","00000000","","CATTLE","CATTLE, INCL CALVES - INVENTORY","TOTAL","NOT SPECIFIED","66,320","18.5"
"CENSUS","2017","END OF DEC","","COUNTY","WYOMING","56","SOUTHEAST","50","GOSHEN","015","","","00000000","","CATTLE","CATTLE, INCL CALVES - INVENTORY","TOTAL","NOT SPECIFIED","124,186","18.5"
"CENSUS","2017","END OF DEC","","COUNTY","WYOMING","56","SOUTHEAST","50","LARAMIE","021","","","00000000","","CATTLE","CATTLE, INCL CALVES - INVENTORY","TOTAL","NOT SPECIFIED","80,617","18.5"
"CENSUS","2017","END OF DEC","","COUNTY","WYOMING","56","SOUTHEAST","50","NIOBRARA","027","","","00000000","","CATTLE","CATTLE, INCL CALVES - INVENTORY","TOTAL","NOT SPECIFIED","59,317","18.5"
"CENSUS","2017","END OF DEC","","COUNTY","WYOMING","56","SOUTHEAST","50","PLATTE","031","","","00000000","","CATTLE","CATTLE, INCL CALVES - INVENTORY","TOTAL","NOT SPECIFIED","64,118","18.5"
"CENSUS","2017","END OF DEC","","COUNTY","WYOMING","56","WEST","30","LINCOLN","023","","","00000000","","CATTLE","CATTLE, INCL CALVES - INVENTORY","TOTAL","NOT SPECIFIED","43,358","18.5"
"CENSUS","2017","END OF DEC","","COUNTY","WYOMING","56","WEST","30","SUBLETTE","035","","","00000000","","CATTLE","CATTLE, INCL CALVES - INVENTORY","TOTAL","NOT SPECIFIED","57,479","18.5"
"CENSUS","2017","END OF DEC","","COUNTY","WYOMING","56","WEST","30","TETON","039","","","00000000","","CATTLE","CATTLE, INCL CALVES - INVENTORY","TOTAL","NOT SPECIFIED","3,949","18.5"
"CENSUS","2017","END OF DEC","","COUNTY","WYOMING","56","WEST","30","UINTA","041","","","00000000","","CATTLE","CATTLE, INCL CALVES - INVENTORY","TOTAL","NOT SPECIFIED","38,737","18.5"
